id,label
./test/unknown\0000,dirty
./test/unknown\0001,dirty
./test/unknown\0002,dirty
./test/unknown\0003,dirty
./test/unknown\0004,dirty
./test/unknown\0005,cleaned
./test/unknown\0006,dirty
./test/unknown\0007,dirty
./test/unknown\0008,dirty
./test/unknown\0009,dirty
./test/unknown\0010,dirty
./test/unknown\0011,dirty
./test/unknown\0012,cleaned
./test/unknown\0013,dirty
./test/unknown\0014,cleaned
./test/unknown\0015,cleaned
./test/unknown\0016,cleaned
./test/unknown\0017,dirty
./test/unknown\0018,dirty
./test/unknown\0019,cleaned
./test/unknown\0020,dirty
./test/unknown\0021,dirty
./test/unknown\0022,dirty
./test/unknown\0023,dirty
./test/unknown\0024,dirty
./test/unknown\0025,dirty
./test/unknown\0026,dirty
./test/unknown\0027,cleaned
./test/unknown\0028,cleaned
./test/unknown\0029,dirty
./test/unknown\0030,cleaned
./test/unknown\0031,dirty
./test/unknown\0032,dirty
./test/unknown\0033,dirty
./test/unknown\0034,dirty
./test/unknown\0035,dirty
./test/unknown\0036,dirty
./test/unknown\0037,cleaned
./test/unknown\0038,dirty
./test/unknown\0039,dirty
./test/unknown\0040,dirty
./test/unknown\0041,dirty
./test/unknown\0042,dirty
./test/unknown\0043,dirty
./test/unknown\0044,dirty
./test/unknown\0045,dirty
./test/unknown\0046,dirty
./test/unknown\0047,dirty
./test/unknown\0048,dirty
./test/unknown\0049,dirty
./test/unknown\0050,dirty
./test/unknown\0051,dirty
./test/unknown\0052,dirty
./test/unknown\0053,cleaned
./test/unknown\0054,cleaned
./test/unknown\0055,dirty
./test/unknown\0056,dirty
./test/unknown\0057,dirty
./test/unknown\0058,dirty
./test/unknown\0059,cleaned
./test/unknown\0060,cleaned
./test/unknown\0061,dirty
./test/unknown\0062,cleaned
./test/unknown\0063,dirty
./test/unknown\0064,dirty
./test/unknown\0065,dirty
./test/unknown\0066,dirty
./test/unknown\0067,cleaned
./test/unknown\0068,cleaned
./test/unknown\0069,dirty
./test/unknown\0070,dirty
./test/unknown\0071,dirty
./test/unknown\0072,dirty
./test/unknown\0073,dirty
./test/unknown\0074,dirty
./test/unknown\0075,dirty
./test/unknown\0076,dirty
./test/unknown\0077,dirty
./test/unknown\0078,dirty
./test/unknown\0079,dirty
./test/unknown\0080,dirty
./test/unknown\0081,dirty
./test/unknown\0082,dirty
./test/unknown\0083,cleaned
./test/unknown\0084,dirty
./test/unknown\0085,dirty
./test/unknown\0086,dirty
./test/unknown\0087,dirty
./test/unknown\0088,dirty
./test/unknown\0089,dirty
./test/unknown\0090,cleaned
./test/unknown\0091,cleaned
./test/unknown\0092,dirty
./test/unknown\0093,dirty
./test/unknown\0094,dirty
./test/unknown\0095,cleaned
./test/unknown\0096,dirty
./test/unknown\0097,cleaned
./test/unknown\0098,dirty
./test/unknown\0099,dirty
./test/unknown\0100,cleaned
./test/unknown\0101,dirty
./test/unknown\0102,dirty
./test/unknown\0103,dirty
./test/unknown\0104,dirty
./test/unknown\0105,dirty
./test/unknown\0106,dirty
./test/unknown\0107,cleaned
./test/unknown\0108,dirty
./test/unknown\0109,cleaned
./test/unknown\0110,cleaned
./test/unknown\0111,dirty
./test/unknown\0112,dirty
./test/unknown\0113,dirty
./test/unknown\0114,dirty
./test/unknown\0115,dirty
./test/unknown\0116,dirty
./test/unknown\0117,dirty
./test/unknown\0118,dirty
./test/unknown\0119,dirty
./test/unknown\0120,cleaned
./test/unknown\0121,cleaned
./test/unknown\0122,dirty
./test/unknown\0123,dirty
./test/unknown\0124,dirty
./test/unknown\0125,cleaned
./test/unknown\0126,cleaned
./test/unknown\0127,dirty
./test/unknown\0128,cleaned
./test/unknown\0129,dirty
./test/unknown\0130,dirty
./test/unknown\0131,dirty
./test/unknown\0132,dirty
./test/unknown\0133,dirty
./test/unknown\0134,dirty
./test/unknown\0135,dirty
./test/unknown\0136,dirty
./test/unknown\0137,dirty
./test/unknown\0138,dirty
./test/unknown\0139,dirty
./test/unknown\0140,dirty
./test/unknown\0141,dirty
./test/unknown\0142,dirty
./test/unknown\0143,dirty
./test/unknown\0144,dirty
./test/unknown\0145,dirty
./test/unknown\0146,dirty
./test/unknown\0147,cleaned
./test/unknown\0148,dirty
./test/unknown\0149,dirty
./test/unknown\0150,dirty
./test/unknown\0151,dirty
./test/unknown\0152,cleaned
./test/unknown\0153,dirty
./test/unknown\0154,dirty
./test/unknown\0155,dirty
./test/unknown\0156,cleaned
./test/unknown\0157,dirty
./test/unknown\0158,dirty
./test/unknown\0159,dirty
./test/unknown\0160,dirty
./test/unknown\0161,cleaned
./test/unknown\0162,dirty
./test/unknown\0163,dirty
./test/unknown\0164,cleaned
./test/unknown\0165,dirty
./test/unknown\0166,dirty
./test/unknown\0167,dirty
./test/unknown\0168,dirty
./test/unknown\0169,dirty
./test/unknown\0170,dirty
./test/unknown\0171,dirty
./test/unknown\0172,dirty
./test/unknown\0173,dirty
./test/unknown\0174,dirty
./test/unknown\0175,dirty
./test/unknown\0176,dirty
./test/unknown\0177,dirty
./test/unknown\0178,dirty
./test/unknown\0179,cleaned
./test/unknown\0180,dirty
./test/unknown\0181,dirty
./test/unknown\0182,cleaned
./test/unknown\0183,dirty
./test/unknown\0184,dirty
./test/unknown\0185,dirty
./test/unknown\0186,dirty
./test/unknown\0187,dirty
./test/unknown\0188,dirty
./test/unknown\0189,dirty
./test/unknown\0190,dirty
./test/unknown\0191,dirty
./test/unknown\0192,cleaned
./test/unknown\0193,dirty
./test/unknown\0194,cleaned
./test/unknown\0195,dirty
./test/unknown\0196,cleaned
./test/unknown\0197,dirty
./test/unknown\0198,dirty
./test/unknown\0199,dirty
./test/unknown\0200,dirty
./test/unknown\0201,dirty
./test/unknown\0202,cleaned
./test/unknown\0203,dirty
./test/unknown\0204,cleaned
./test/unknown\0205,dirty
./test/unknown\0206,dirty
./test/unknown\0207,cleaned
./test/unknown\0208,cleaned
./test/unknown\0209,cleaned
./test/unknown\0210,dirty
./test/unknown\0211,dirty
./test/unknown\0212,dirty
./test/unknown\0213,dirty
./test/unknown\0214,dirty
./test/unknown\0215,dirty
./test/unknown\0216,dirty
./test/unknown\0217,dirty
./test/unknown\0218,dirty
./test/unknown\0219,cleaned
./test/unknown\0220,cleaned
./test/unknown\0221,dirty
./test/unknown\0222,dirty
./test/unknown\0223,dirty
./test/unknown\0224,dirty
./test/unknown\0225,dirty
./test/unknown\0226,dirty
./test/unknown\0227,dirty
./test/unknown\0228,cleaned
./test/unknown\0229,cleaned
./test/unknown\0230,dirty
./test/unknown\0231,dirty
./test/unknown\0232,dirty
./test/unknown\0233,dirty
./test/unknown\0234,dirty
./test/unknown\0235,cleaned
./test/unknown\0236,dirty
./test/unknown\0237,dirty
./test/unknown\0238,dirty
./test/unknown\0239,cleaned
./test/unknown\0240,dirty
./test/unknown\0241,dirty
./test/unknown\0242,dirty
./test/unknown\0243,dirty
./test/unknown\0244,dirty
./test/unknown\0245,dirty
./test/unknown\0246,dirty
./test/unknown\0247,dirty
./test/unknown\0248,cleaned
./test/unknown\0249,cleaned
./test/unknown\0250,dirty
./test/unknown\0251,dirty
./test/unknown\0252,dirty
./test/unknown\0253,cleaned
./test/unknown\0254,cleaned
./test/unknown\0255,cleaned
./test/unknown\0256,dirty
./test/unknown\0257,cleaned
./test/unknown\0258,dirty
./test/unknown\0259,dirty
./test/unknown\0260,cleaned
./test/unknown\0261,dirty
./test/unknown\0262,cleaned
./test/unknown\0263,cleaned
./test/unknown\0264,dirty
./test/unknown\0265,dirty
./test/unknown\0266,dirty
./test/unknown\0267,dirty
./test/unknown\0268,dirty
./test/unknown\0269,cleaned
./test/unknown\0270,cleaned
./test/unknown\0271,dirty
./test/unknown\0272,dirty
./test/unknown\0273,dirty
./test/unknown\0274,dirty
./test/unknown\0275,dirty
./test/unknown\0276,dirty
./test/unknown\0277,dirty
./test/unknown\0278,cleaned
./test/unknown\0279,dirty
./test/unknown\0280,dirty
./test/unknown\0281,dirty
./test/unknown\0282,cleaned
./test/unknown\0283,dirty
./test/unknown\0284,cleaned
./test/unknown\0285,cleaned
./test/unknown\0286,dirty
./test/unknown\0287,cleaned
./test/unknown\0288,dirty
./test/unknown\0289,dirty
./test/unknown\0290,dirty
./test/unknown\0291,cleaned
./test/unknown\0292,dirty
./test/unknown\0293,dirty
./test/unknown\0294,dirty
./test/unknown\0295,dirty
./test/unknown\0296,cleaned
./test/unknown\0297,cleaned
./test/unknown\0298,dirty
./test/unknown\0299,dirty
./test/unknown\0300,dirty
./test/unknown\0301,cleaned
./test/unknown\0302,dirty
./test/unknown\0303,dirty
./test/unknown\0304,dirty
./test/unknown\0305,dirty
./test/unknown\0306,dirty
./test/unknown\0307,dirty
./test/unknown\0308,dirty
./test/unknown\0309,dirty
./test/unknown\0310,dirty
./test/unknown\0311,dirty
./test/unknown\0312,dirty
./test/unknown\0313,cleaned
./test/unknown\0314,dirty
./test/unknown\0315,dirty
./test/unknown\0316,dirty
./test/unknown\0317,cleaned
./test/unknown\0318,dirty
./test/unknown\0319,dirty
./test/unknown\0320,dirty
./test/unknown\0321,dirty
./test/unknown\0322,cleaned
./test/unknown\0323,dirty
./test/unknown\0324,cleaned
./test/unknown\0325,cleaned
./test/unknown\0326,dirty
./test/unknown\0327,dirty
./test/unknown\0328,dirty
./test/unknown\0329,cleaned
./test/unknown\0330,dirty
./test/unknown\0331,dirty
./test/unknown\0332,cleaned
./test/unknown\0333,dirty
./test/unknown\0334,dirty
./test/unknown\0335,cleaned
./test/unknown\0336,cleaned
./test/unknown\0337,dirty
./test/unknown\0338,dirty
./test/unknown\0339,dirty
./test/unknown\0340,dirty
./test/unknown\0341,dirty
./test/unknown\0342,dirty
./test/unknown\0343,dirty
./test/unknown\0344,dirty
./test/unknown\0345,cleaned
./test/unknown\0346,cleaned
./test/unknown\0347,cleaned
./test/unknown\0348,dirty
./test/unknown\0349,dirty
./test/unknown\0350,cleaned
./test/unknown\0351,dirty
./test/unknown\0352,dirty
./test/unknown\0353,cleaned
./test/unknown\0354,dirty
./test/unknown\0355,dirty
./test/unknown\0356,dirty
./test/unknown\0357,cleaned
./test/unknown\0358,dirty
./test/unknown\0359,cleaned
./test/unknown\0360,dirty
./test/unknown\0361,dirty
./test/unknown\0362,dirty
./test/unknown\0363,dirty
./test/unknown\0364,cleaned
./test/unknown\0365,dirty
./test/unknown\0366,dirty
./test/unknown\0367,dirty
./test/unknown\0368,dirty
./test/unknown\0369,dirty
./test/unknown\0370,dirty
./test/unknown\0371,dirty
./test/unknown\0372,dirty
./test/unknown\0373,cleaned
./test/unknown\0374,dirty
./test/unknown\0375,dirty
./test/unknown\0376,dirty
./test/unknown\0377,dirty
./test/unknown\0378,cleaned
./test/unknown\0379,dirty
./test/unknown\0380,cleaned
./test/unknown\0381,dirty
./test/unknown\0382,cleaned
./test/unknown\0383,dirty
./test/unknown\0384,dirty
./test/unknown\0385,dirty
./test/unknown\0386,dirty
./test/unknown\0387,dirty
./test/unknown\0388,dirty
./test/unknown\0389,cleaned
./test/unknown\0390,dirty
./test/unknown\0391,cleaned
./test/unknown\0392,dirty
./test/unknown\0393,cleaned
./test/unknown\0394,cleaned
./test/unknown\0395,dirty
./test/unknown\0396,cleaned
./test/unknown\0397,dirty
./test/unknown\0398,dirty
./test/unknown\0399,dirty
./test/unknown\0400,dirty
./test/unknown\0401,cleaned
./test/unknown\0402,dirty
./test/unknown\0403,dirty
./test/unknown\0404,dirty
./test/unknown\0405,cleaned
./test/unknown\0406,dirty
./test/unknown\0407,dirty
./test/unknown\0408,cleaned
./test/unknown\0409,dirty
./test/unknown\0410,dirty
./test/unknown\0411,dirty
./test/unknown\0412,cleaned
./test/unknown\0413,dirty
./test/unknown\0414,dirty
./test/unknown\0415,dirty
./test/unknown\0416,cleaned
./test/unknown\0417,dirty
./test/unknown\0418,dirty
./test/unknown\0419,cleaned
./test/unknown\0420,dirty
./test/unknown\0421,dirty
./test/unknown\0422,dirty
./test/unknown\0423,cleaned
./test/unknown\0424,dirty
./test/unknown\0425,dirty
./test/unknown\0426,dirty
./test/unknown\0427,cleaned
./test/unknown\0428,dirty
./test/unknown\0429,dirty
./test/unknown\0430,dirty
./test/unknown\0431,dirty
./test/unknown\0432,dirty
./test/unknown\0433,cleaned
./test/unknown\0434,dirty
./test/unknown\0435,dirty
./test/unknown\0436,dirty
./test/unknown\0437,dirty
./test/unknown\0438,cleaned
./test/unknown\0439,dirty
./test/unknown\0440,dirty
./test/unknown\0441,dirty
./test/unknown\0442,dirty
./test/unknown\0443,dirty
./test/unknown\0444,dirty
./test/unknown\0445,dirty
./test/unknown\0446,dirty
./test/unknown\0447,dirty
./test/unknown\0448,dirty
./test/unknown\0449,dirty
./test/unknown\0450,dirty
./test/unknown\0451,cleaned
./test/unknown\0452,dirty
./test/unknown\0453,dirty
./test/unknown\0454,dirty
./test/unknown\0455,dirty
./test/unknown\0456,dirty
./test/unknown\0457,dirty
./test/unknown\0458,dirty
./test/unknown\0459,dirty
./test/unknown\0460,dirty
./test/unknown\0461,cleaned
./test/unknown\0462,dirty
./test/unknown\0463,cleaned
./test/unknown\0464,dirty
./test/unknown\0465,cleaned
./test/unknown\0466,dirty
./test/unknown\0467,dirty
./test/unknown\0468,cleaned
./test/unknown\0469,dirty
./test/unknown\0470,dirty
./test/unknown\0471,dirty
./test/unknown\0472,dirty
./test/unknown\0473,dirty
./test/unknown\0474,cleaned
./test/unknown\0475,cleaned
./test/unknown\0476,cleaned
./test/unknown\0477,dirty
./test/unknown\0478,dirty
./test/unknown\0479,dirty
./test/unknown\0480,dirty
./test/unknown\0481,dirty
./test/unknown\0482,dirty
./test/unknown\0483,dirty
./test/unknown\0484,dirty
./test/unknown\0485,dirty
./test/unknown\0486,dirty
./test/unknown\0487,dirty
./test/unknown\0488,cleaned
./test/unknown\0489,dirty
./test/unknown\0490,cleaned
./test/unknown\0491,dirty
./test/unknown\0492,dirty
./test/unknown\0493,dirty
./test/unknown\0494,dirty
./test/unknown\0495,dirty
./test/unknown\0496,dirty
./test/unknown\0497,cleaned
./test/unknown\0498,dirty
./test/unknown\0499,dirty
./test/unknown\0500,dirty
./test/unknown\0501,dirty
./test/unknown\0502,dirty
./test/unknown\0503,dirty
./test/unknown\0504,dirty
./test/unknown\0505,dirty
./test/unknown\0506,dirty
./test/unknown\0507,dirty
./test/unknown\0508,cleaned
./test/unknown\0509,dirty
./test/unknown\0510,dirty
./test/unknown\0511,dirty
./test/unknown\0512,cleaned
./test/unknown\0513,dirty
./test/unknown\0514,dirty
./test/unknown\0515,dirty
./test/unknown\0516,dirty
./test/unknown\0517,dirty
./test/unknown\0518,dirty
./test/unknown\0519,dirty
./test/unknown\0520,dirty
./test/unknown\0521,dirty
./test/unknown\0522,dirty
./test/unknown\0523,dirty
./test/unknown\0524,cleaned
./test/unknown\0525,dirty
./test/unknown\0526,dirty
./test/unknown\0527,dirty
./test/unknown\0528,dirty
./test/unknown\0529,dirty
./test/unknown\0530,dirty
./test/unknown\0531,cleaned
./test/unknown\0532,dirty
./test/unknown\0533,cleaned
./test/unknown\0534,cleaned
./test/unknown\0535,dirty
./test/unknown\0536,dirty
./test/unknown\0537,dirty
./test/unknown\0538,cleaned
./test/unknown\0539,dirty
./test/unknown\0540,cleaned
./test/unknown\0541,dirty
./test/unknown\0542,dirty
./test/unknown\0543,dirty
./test/unknown\0544,dirty
./test/unknown\0545,dirty
./test/unknown\0546,dirty
./test/unknown\0547,dirty
./test/unknown\0548,cleaned
./test/unknown\0549,cleaned
./test/unknown\0550,cleaned
./test/unknown\0551,cleaned
./test/unknown\0552,dirty
./test/unknown\0553,dirty
./test/unknown\0554,dirty
./test/unknown\0555,dirty
./test/unknown\0556,dirty
./test/unknown\0557,dirty
./test/unknown\0558,cleaned
./test/unknown\0559,cleaned
./test/unknown\0560,dirty
./test/unknown\0561,dirty
./test/unknown\0562,cleaned
./test/unknown\0563,cleaned
./test/unknown\0564,dirty
./test/unknown\0565,cleaned
./test/unknown\0566,dirty
./test/unknown\0567,cleaned
./test/unknown\0568,dirty
./test/unknown\0569,dirty
./test/unknown\0570,dirty
./test/unknown\0571,cleaned
./test/unknown\0572,dirty
./test/unknown\0573,dirty
./test/unknown\0574,dirty
./test/unknown\0575,dirty
./test/unknown\0576,dirty
./test/unknown\0577,dirty
./test/unknown\0578,dirty
./test/unknown\0579,cleaned
./test/unknown\0580,dirty
./test/unknown\0581,dirty
./test/unknown\0582,dirty
./test/unknown\0583,dirty
./test/unknown\0584,dirty
./test/unknown\0585,cleaned
./test/unknown\0586,cleaned
./test/unknown\0587,dirty
./test/unknown\0588,dirty
./test/unknown\0589,dirty
./test/unknown\0590,dirty
./test/unknown\0591,dirty
./test/unknown\0592,cleaned
./test/unknown\0593,dirty
./test/unknown\0594,cleaned
./test/unknown\0595,dirty
./test/unknown\0596,dirty
./test/unknown\0597,cleaned
./test/unknown\0598,dirty
./test/unknown\0599,dirty
./test/unknown\0600,dirty
./test/unknown\0601,dirty
./test/unknown\0602,dirty
./test/unknown\0603,dirty
./test/unknown\0604,cleaned
./test/unknown\0605,dirty
./test/unknown\0606,dirty
./test/unknown\0607,dirty
./test/unknown\0608,dirty
./test/unknown\0609,dirty
./test/unknown\0610,dirty
./test/unknown\0611,dirty
./test/unknown\0612,dirty
./test/unknown\0613,dirty
./test/unknown\0614,dirty
./test/unknown\0615,dirty
./test/unknown\0616,dirty
./test/unknown\0617,dirty
./test/unknown\0618,dirty
./test/unknown\0619,dirty
./test/unknown\0620,dirty
./test/unknown\0621,dirty
./test/unknown\0622,dirty
./test/unknown\0623,dirty
./test/unknown\0624,dirty
./test/unknown\0625,cleaned
./test/unknown\0626,cleaned
./test/unknown\0627,dirty
./test/unknown\0628,cleaned
./test/unknown\0629,dirty
./test/unknown\0630,dirty
./test/unknown\0631,dirty
./test/unknown\0632,dirty
./test/unknown\0633,dirty
./test/unknown\0634,dirty
./test/unknown\0635,cleaned
./test/unknown\0636,dirty
./test/unknown\0637,dirty
./test/unknown\0638,dirty
./test/unknown\0639,dirty
./test/unknown\0640,dirty
./test/unknown\0641,dirty
./test/unknown\0642,dirty
./test/unknown\0643,dirty
./test/unknown\0644,dirty
./test/unknown\0645,dirty
./test/unknown\0646,dirty
./test/unknown\0647,dirty
./test/unknown\0648,dirty
./test/unknown\0649,cleaned
./test/unknown\0650,cleaned
./test/unknown\0651,dirty
./test/unknown\0652,cleaned
./test/unknown\0653,dirty
./test/unknown\0654,dirty
./test/unknown\0655,dirty
./test/unknown\0656,dirty
./test/unknown\0657,dirty
./test/unknown\0658,dirty
./test/unknown\0659,cleaned
./test/unknown\0660,dirty
./test/unknown\0661,dirty
./test/unknown\0662,dirty
./test/unknown\0663,cleaned
./test/unknown\0664,dirty
./test/unknown\0665,cleaned
./test/unknown\0666,cleaned
./test/unknown\0667,dirty
./test/unknown\0668,cleaned
./test/unknown\0669,cleaned
./test/unknown\0670,dirty
./test/unknown\0671,dirty
./test/unknown\0672,dirty
./test/unknown\0673,cleaned
./test/unknown\0674,dirty
./test/unknown\0675,cleaned
./test/unknown\0676,dirty
./test/unknown\0677,dirty
./test/unknown\0678,cleaned
./test/unknown\0679,dirty
./test/unknown\0680,dirty
./test/unknown\0681,dirty
./test/unknown\0682,dirty
./test/unknown\0683,dirty
./test/unknown\0684,dirty
./test/unknown\0685,dirty
./test/unknown\0686,dirty
./test/unknown\0687,dirty
./test/unknown\0688,dirty
./test/unknown\0689,dirty
./test/unknown\0690,dirty
./test/unknown\0691,dirty
./test/unknown\0692,dirty
./test/unknown\0693,dirty
./test/unknown\0694,dirty
./test/unknown\0695,dirty
./test/unknown\0696,dirty
./test/unknown\0697,dirty
./test/unknown\0698,dirty
./test/unknown\0699,dirty
./test/unknown\0700,dirty
./test/unknown\0701,dirty
./test/unknown\0702,dirty
./test/unknown\0703,dirty
./test/unknown\0704,cleaned
./test/unknown\0705,dirty
./test/unknown\0706,dirty
./test/unknown\0707,dirty
./test/unknown\0708,cleaned
./test/unknown\0709,dirty
./test/unknown\0710,dirty
./test/unknown\0711,dirty
./test/unknown\0712,dirty
./test/unknown\0713,cleaned
./test/unknown\0714,cleaned
./test/unknown\0715,dirty
./test/unknown\0716,cleaned
./test/unknown\0717,dirty
./test/unknown\0718,dirty
./test/unknown\0719,dirty
./test/unknown\0720,cleaned
./test/unknown\0721,dirty
./test/unknown\0722,dirty
./test/unknown\0723,dirty
./test/unknown\0724,dirty
./test/unknown\0725,dirty
./test/unknown\0726,cleaned
./test/unknown\0727,cleaned
./test/unknown\0728,dirty
./test/unknown\0729,dirty
./test/unknown\0730,dirty
./test/unknown\0731,cleaned
./test/unknown\0732,dirty
./test/unknown\0733,dirty
./test/unknown\0734,dirty
./test/unknown\0735,dirty
./test/unknown\0736,dirty
./test/unknown\0737,cleaned
./test/unknown\0738,dirty
./test/unknown\0739,dirty
./test/unknown\0740,dirty
./test/unknown\0741,cleaned
./test/unknown\0742,cleaned
./test/unknown\0743,dirty
